<?xml version="1.0" encoding="UTF-8" standalone="yes"?>
<addon id="service.subsmangler" name="Subtitles Mangler" version="0.0.6" provider-name="bkiziuk">
    <requires>
        <import addon="xbmc.python" version="2.25.0"/>
    </requires>
    <extension point="xbmc.service" library="service.py" start="login"/>
    <extension point="xbmc.addon.metadata">
		<summary lang="en">Subtitles Mangler</summary>
		<description lang="en">Adjusts subtitles files to include black background. Supports: microDVD, SubRip, MPL2 and TMP formats. Optionally can automatically invoke subtitles search dialog if local subtitles are not detected. Also, allows to remove advertisement texts and texts for the Hearing Impaired. Doesn't require external plugins.</description>
        <description lang="pl">Konwertuje napisy dodając czarne tło. Obsługuje formaty microDVD, SubRip, MPL2 i TMP. Dodatkowo umożliwia automatyczne uruchamianie okna wyszukiwania napisów w sytuacji, gdy nie zostały wykryte lokalne napisy. Pozwala również na usuwanie z napisów podpisów reklamowych oraz znaczników dla niesłyszących. Nie wymaga zależnych wtyczek.</description>
        <disclaimer>Still under development</disclaimer>
        <news>v0.0.6 (2018-02-05)
- fixes for handling Boolean values correctly in config file
- respecting of 'noautosubs' flag file/extension
v0.0.5 (2018-02-04)
- some code clean-up
- regex auto-update
- subtitles search dialog auto invoke
- minimum xbmc.python: 2.25.0 - due to API availability
v0.0.4 (2018-02-02)
- separate log file with logrotation
v0.0.3 (2018-02-01)
- custom log filtering
v0.0.2 (2018-01-31)
- initial regexp filtering
v0.0.1  (2018-01-21)
- initial test version</news>
        <platform>all</platform>
        <license>GNU General Public License v3.0</license>
        <forum></forum>
        <website></website>
        <source>https://github.com/bkiziuk/service.subsmangler</source>
		<language></language>
		<email></email>
        <broken></broken>
        <assets>
            <icon></icon>
            <fanart></fanart>
            <screenshot></screenshot>
        </assets>
    </extension>
</addon>