<?xml version="1.0" encoding="UTF-8" standalone="yes"?>
<addon id="script.module.pysubs2" name="pysubs2 module" version="0.0.3" provider-name="bkiziuk">
    <requires>
        <import addon="xbmc.python" version="2.7.0"/>
    </requires>
    <extension point="xbmc.python.module" library="any2ass.py" />
    <extension point="xbmc.addon.metadata">
        <summary>Provides pysubs2 library functionality for Kodi addons</summary>
        <description>Provides pysubs2 library functionality for Kodi addons</description>
        <disclaimer>Purely for testing purposes.</disclaimer>
        <news>v0.0.2  (2018-01-18)
- Added notification for Ubuntu users checking through apt command</news>
        <platform>all</platform>
        <language></language>
        <license>MIT</license>
        <forum></forum>
        <website></website>
        <source>https://github.com/bkiziuk/script.module.pysubs2</source>
        <email></email>
        <broken></broken>
        <assets>
            <icon></icon>
            <fanart></fanart>
            <screenshot></screenshot>
        </assets>
    </extension>
</addon>
