<?xml version="1.0" encoding="UTF-8" standalone="yes"?>
<addon id="service.subsmangler" name="Subtitles Mangler" version="0.0.1" provider-name="bkiziuk">
    <requires>
        <import addon="xbmc.python" version="2.14.0"/>
    </requires>
    <extension point="xbmc.service" library="service.py" start="login"/>
    <extension point="xbmc.addon.metadata">
		<summary lang="en">Subtitles Mangler</summary>
		<description lang="en">Adjusts subtitles files to include black background. Doesn't require external dependencies.</description>
        <description lang="pl">Konwertuje napisy dodając czarny podkład. Nie używa zależnych wtyczek.</description>
        <disclaimer>May contain a bug</disclaimer>
        <news>v0.0.1  (2018-01-21)
- work in progress</news>
        <platform>all</platform>
        <license>GPL 2.0</license>
        <forum></forum>
        <website></website>
        <source>https://github.com/bkiziuk/service.subsmangler</source>
		<language></language>
		<email></email>
        <broken></broken>
        <assets>
            <icon></icon>
            <fanart></fanart>
            <screenshot></screenshot>
        </assets>
    </extension>
</addon>