<?xml version="1.0" encoding="UTF-8" standalone="yes"?>
<addon id="script.module.pysubs2" name="pysubs2 module" version="0.0.2" provider-name="bkiziuk">
    <requires>
        <import addon="xbmc.python" version="2.7.0"/>
    </requires>
    <extension point="xbmc.python.library" library="any2ass.py" />
    <extension point="xbmc.addon.metadata">
        <summary>Provides pysubs2 library functionality for Kodi addons</summary>
        <description>Provides pysubs2 library functionality for Kodi addons</description>
        <license>MIT</license>
        <source>https://github.com/bkiziuk/script.module.pysubs2</source>
        <platform>all</platform>
    </extension>
</addon>
