<?xml version="1.0" encoding="UTF-8"?>
    <addon id="repository.bkiziuk" name="bkiziuk private Kodi repo" version="1.0.0" provider-name="bkiziuk">
        <requires>
            <import addon="xbmc.addon" version="12.0.0"/>
        </requires>
        <extension point="xbmc.addon.repository" name="bkiziuk private Kodi repo">
            <info compressed="false">https://bkiziuk.github.io/kodi-repo/_repo/addons.xml</info>
            <checksum>https://bkiziuk.github.io/kodi-repo/_repo/addons.xml.md5</checksum>
            <datadir zip="true">https://bkiziuk.github.io/kodi-repo/_repo/</datadir>
            <hashes>false</hashes>
        </extension>
        <extension point="xbmc.addon.metadata">
            <summary>bkiziuk private Kodi repo</summary>
            <description>bkiziuk private Kodi repo</description>
            <platform>all</platform>
    </extension>
</addon>