<?xml version="1.0" encoding="UTF-8" standalone="yes"?>
<addon id="service.subsmangler" name="Subtitles Mangler" version="0.0.35" provider-name="bkiziuk">
    <requires>
        <import addon="xbmc.python" version="2.25.0"/>
    </requires>
    <extension point="xbmc.service" library="service.py" start="login"/>
    <extension point="xbmc.addon.metadata">
        <summary lang="cz">Kompletní průvodce titukly</summary>
        <summary lang="de">Ein umfassendes Tool für Untertitel</summary>
        <summary lang="en">A comprehensive subtitle companion</summary>
        <summary lang="hu">Egy teljeskörű felirat asszisztens</summary>
        <summary lang="pl">Wszechstronny asystent napisów</summary>
        <summary lang="sk">Kompletný sprievodca titukly</summary>
        <description lang="cz">Upraví soubory titulků tak, aby obsahovaly černé pozadí. Podporuje formáty microDVD, SubRip, MPL2 a TMP. Automaticky vyvolá dialog pro vyhledávání titulků, pokud nejsou lokální titulky detekovány. Pokud původní video bylo odstraněno, odstraní soubory titulků. Umožňuje také odstranění reklamních textů a textů pro sluchově postižené. Nevyžaduje externí pluginy.</description>
        <description lang="de">Modifiziert Untertitel-Dateien so, dass diese einen schwarzen Hintergrund erhalten. Folgende Formate werden unterstützt: microDVD, SubRip, MPL2 and TMP. Es wird automatisch ein Untertitel-Suchdialog gestartet, wenn keine lokalen Untertitel gefunden wurden. Löscht Untertitel-Dateien, wenn die originale Videodatei gelöscht wurde. Weiterhin können Werbetexte und Untertitel für Hörgeschädigte entfernt werden. Es werden keine weiteren externen PlugIns benötigt.</description>
        <description lang="en">Adjusts subtitle files to include black background. Supports: microDVD, SubRip, MPL2 and TMP formats. Automatically invokes subtitle search dialog if local subtitles are not detected. Removes subtitle files if original video was deleted. Also, allows to remove advertisement texts and texts for the Hearing Impaired. Doesn't require external plugins.</description>
        <description lang="hu">Feliratok beállítása fekete háttérrel. Támogatott: microDVD, SubRip, MPL2 és TMP formátumok. Automatikusan elindul a felirat kereső program, ha nem található helyi felirat fájl. Törli a letöltött feliratot, ha az eredeti videó törlésre kerül. Továbbá, eltávolítja a hírdetési szövegeket, illetve a hallássérülteknek szóló feliratokat. Nem igényel külső plugin-t.</description>
        <description lang="pl">Konwertuje napisy dodając czarne tło. Obsługuje formaty microDVD, SubRip, MPL2 i TMP. Umożliwia automatyczne uruchamianie okna wyszukiwania napisów w sytuacji, gdy nie zostały wykryte lokalne napisy. Usuwa pliki z napisami dla skasowanych filmów. Pozwala również na usuwanie z napisów podpisów reklamowych oraz znaczników dla niesłyszących. Nie wymaga zależnych wtyczek.</description>
        <description lang="sk">Upraví súbory titulkov tak, aby obsahovali čierne pozadie. Podporuje formáty MicroDVD, SubRip, MPL2 a TMP. Automaticky vyvolá dialóg pre vyhľadávanie titulkov, pokiaľ nie sú lokálne titulky detekované. Ak pôvodné video bolo odstránené, odstráni súbory titulkov. Umožňuje tiež odstránenie reklamných textov a textov pre sluchovo postihnutých. Nevyžaduje externé pluginy.</description>
        <disclaimer lang="cz">Kompletní průvodce titukly</disclaimer>
        <disclaimer lang="de">Ein umfassendes Tool für Untertitel</disclaimer>
        <disclaimer lang="en">A comprehensive subtitle companion</disclaimer>
        <disclaimer lang="hu">Egy teljeskörű felirat asszisztens</disclaimer>
        <disclaimer lang="pl">Wszechstronny asystent napisów</disclaimer>
        <disclaimer lang="sk">Kompletný sprievodca titukly</disclaimer>
        <news>v0.0.35 (2018-08-31)
- add onAVStarted event support for Kodi 18 compatibility
- add BusyDialogNoCancel window support for Kodi 18 compatibility
v0.0.34 (2018-08-11)
- fix Unicode crash in ProgressDialog
v0.0.33 (2018-08-10)
- add German language (thanks to anonymous translator)
v0.0.32 (2018-06-16)
- alter default settings:
-- don't auto invoke Subtitle Search dialog if local subtitles are present --> True
-- convert existing non-ass subtitles already found on disk --> True
-- if possible, extend subtitle display time if it is too short --> True
v0.0.31 (2018-06-04)
- add Czech and Slovak language (thanks to anonymous translator)
- add Hungarian language (thanks to Gyorgy Popovics)
v0.0.30 (2018-05-14)
- fix broken handlers definition
v0.0.29 (2018-05-14)
- code fixes suggested by codacy
v0.0.28 (2018-05-13)
- improve strings filtering to better remove whitespaces
v0.0.27 (2018-04-26)
- code clean-up (remove unused imports)
v0.0.26 (2018-04-03)
- fix: enabling existing 'ass' subtitles didn't work due to lack of full path
- add fanart
v0.0.25 (2018-03-26)
- if 'ass' subtitles are already available, enable them directly instead of just enabling subtitles. This prevents internal subtitles to be shown instead.
v0.0.24 (2018-03-24)
- try to read video info several times if the first try returns no information
v0.0.23 (2018-03-06)
- add option to maintain bigger space between lines so that background doesn't overlap
v0.0.22 (2018-03-05)
- try to guess subtitle file encoding based on its language
- add option to remove unprocessed subs during housekeeping
</news>
        <platform>all</platform>
        <license>GNU General Public License v3.0</license>
        <forum>https://forum.kodi.tv/showthread.php?tid=328763</forum>
        <website></website>
        <source>https://github.com/bkiziuk/service.subsmangler</source>
		<language></language>
		<email></email>
        <broken></broken>
        <assets>
            <icon>resources/icon.png</icon>
            <fanart>resources/fanart.jpg</fanart>
            <screenshot></screenshot>
        </assets>
    </extension>
</addon>