<?xml version='1.0' encoding='UTF-8' standalone='yes'?>
<addon id="repository.bkiziuk" name="bkiziuk private Kodi repo" version="1.0" provider-name="bkiziuk">
  <requires>
    <import addon="xbmc.addon" version="12.0.0"/>
  </requires>
  <extension point="xbmc.addon.repository" name="bkiziuk private Kodi repo">
    <info compressed="true">http://bkiziuk.github.io/kodi-repo/addons.xml</info>
    <checksum>http://bkiziuk.github.io/kodi-repo/addons.xml.md5</checksum>
    <datadir zip="true">http://bkiziuk.github.io/kodi-repo</datadir>
    <hashes>true</hashes>
  </extension>
  <extension point="xbmc.addon.metadata">
    <summary>bkiziuk private Kodi repo</summary>
    <description>bkiziuk private Kodi repo</description>
    <platform>all</platform>
  </extension>
  <assets>
    <icon>icon.png</icon>
  </assets>
</addon>
