<?xml version="1.0" encoding="UTF-8" standalone="yes"?>
<addon id="service.subtitles.napiprojekt_bb" name="Napiprojekt.pl (BB)" version="1.0.0" provider-name="bkiziuk">
    <requires>
        <import addon="xbmc.python" version="2.14.0"/>
        <import addon="script.module.pysubs2" version="0.0.3"/>
    </requires>
    <extension point="xbmc.subtitle.module" library="service.py"/>
    <extension point="xbmc.addon.metadata">
		<summary lang="en">Napiprojekt.pl</summary>
		<description lang="en">Search and Download subtitles from napiprojekt.pl.</description>
		<language> </language>
		<email> </email>
		<website>https://github.com/bkiziuk/service.subtitles.napiprojekt_bb</website>
		<license>GNU GENERAL PUBLIC LICENSE. Version 2, June 1991</license>
    </extension>
</addon>