<?xml version="1.0" encoding="UTF-8" standalone="yes"?>
<addon id="service.subsmangler" name="Subtitles Mangler" version="0.0.26" provider-name="bkiziuk">
    <requires>
        <import addon="xbmc.python" version="2.25.0"/>
    </requires>
    <extension point="xbmc.service" library="service.py" start="login"/>
    <extension point="xbmc.addon.metadata">
		<summary lang="en">A comprehensive subtitle companion</summary>
		<summary lang="pl">Wszechstronny asystent napisów</summary>
		<summary lang="hu">Egy teljeskörű felirat asszisztens</summary>
		<description lang="en">Adjusts subtitle files to include black background. Supports: microDVD, SubRip, MPL2 and TMP formats. Automatically invokes subtitle search dialog if local subtitles are not detected. Removes subtitle files if original video was deleted. Also, allows to remove advertisement texts and texts for the Hearing Impaired. Doesn't require external plugins.</description>
        <description lang="pl">Konwertuje napisy dodając czarne tło. Obsługuje formaty microDVD, SubRip, MPL2 i TMP. Umożliwia automatyczne uruchamianie okna wyszukiwania napisów w sytuacji, gdy nie zostały wykryte lokalne napisy. Usuwa pliki z napisami dla skasowanych filmów. Pozwala również na usuwanie z napisów podpisów reklamowych oraz znaczników dla niesłyszących. Nie wymaga zależnych wtyczek.</description>
        <description lang="hu">Feliratok beállítása fekete háttérrel. Támogatott: microDVD, SubRip, MPL2 és TMP formátumok. Automatikusan elindul a felirat kereső program, ha nem található helyi felirat fájl. Törli a letöltött feliratot, ha az eredeti videó törlésre kerül. Továbbá, eltávolítja a hírdetési szövegeket, illetve a hallássérülteknek szóló feliratokat. Nem igényel külső plugin-t.</description>
        <disclaimer lang="en">A comprehensive subtitle companion</disclaimer>
        <disclaimer lang="pl">Wszechstronny asystent napisów</disclaimer>
        <disclaimer lang="hu">Egy teljeskörű felirat asszisztens</disclaimer>
        <news>v0.0.26 (2018-04-03)
- fix: enabling existing 'ass' subtitles didn't work due to lack of full path
- add fanart
v0.0.25 (2018-03-26)
- if 'ass' subtitles are already available, enable them directly instead of just enabling subtitles. This prevents internal subtitles to be shown instead.
v0.0.24 (2018-03-24)
- try to read video info several times if the first try returns no information
v0.0.23 (2018-03-06)
- add option to maintain bigger space between lines so that background doesn't overlap
v0.0.22 (2018-03-05)
- try to guess subtitle file encoding based on its language
- add option to remove unprocessed subs during housekeeping
</news>
        <platform>all</platform>
        <license>GNU General Public License v3.0</license>
        <forum>https://forum.kodi.tv/showthread.php?tid=328763</forum>
        <website></website>
        <source>https://github.com/bkiziuk/service.subsmangler</source>
		<language></language>
		<email></email>
        <broken></broken>
        <assets>
            <icon>resources/icon.png</icon>
            <fanart>resources/fanart.jpg</fanart>
            <screenshot></screenshot>
        </assets>
    </extension>
</addon>